1695990057356,1879,cloudskill,200,OK,Thread Group 1-1,text,true,,52498,264,1,1,https://www.cloudskillsboost.google,303,0,182
1695990057356,318,cloudskill-0,308,Permanent Redirect,Thread Group 1-1,text,true,,346,132,1,1,http://www.cloudskillsboost.google/,303,0,182
1695990057676,1559,cloudskill-1,200,OK,Thread Group 1-1,text,true,,52152,132,1,1,https://www.cloudskillsboost.google,1530,0,1047
1695990059256,3064,catalog,200,OK,Thread Group 1-1,text,true,,65556,279,1,1,https://www.cloudskillsboost.google/catalog,107,0,0
1695990059256,107,catalog-0,308,Permanent Redirect,Thread Group 1-1,text,true,,354,140,1,1,http://www.cloudskillsboost.google/catalog/,107,0,0
1695990059364,2956,catalog-1,200,OK,Thread Group 1-1,text,true,,65202,139,1,1,https://www.cloudskillsboost.google/catalog,2785,0,0
1695990062324,356,subscriptions,200,OK,Thread Group 1-1,text,true,,20713,291,1,1,https://www.cloudskillsboost.google/subscriptions,123,0,0
1695990062324,124,subscriptions-0,308,Permanent Redirect,Thread Group 1-1,text,true,,360,146,1,1,http://www.cloudskillsboost.google/subscriptions/,123,0,0
1695990062448,232,subscriptions-1,200,OK,Thread Group 1-1,text,true,,20353,145,1,1,https://www.cloudskillsboost.google/subscriptions,230,0,0
1695990568252,1208,IAMOPS,200,OK,Thread Group 1-1,text,true,,1486463,228,2,2,https://iamops.io/,238,0,70
1695990568252,247,IAMOPS-0,301,Moved Permanently,Thread Group 1-1,text,true,,891,114,2,2,http://iamops.io/,238,0,70
1695990568505,955,IAMOPS-1,200,OK,Thread Group 1-1,text,true,,1485572,114,2,2,https://iamops.io/,751,0,625
1695990569491,182,devops,200,OK,Thread Group 1-1,text,true,,1420497,262,2,2,https://iamops.io/lean-mean-devops/,54,0,0
1695990569491,54,devops-0,301,Moved Permanently,Thread Group 1-1,text,true,,908,131,2,2,http://iamops.io/lean-mean-devops/,54,0,0
1695990569545,128,devops-1,200,OK,Thread Group 1-1,text,true,,1419589,131,2,2,https://iamops.io/lean-mean-devops/,66,0,0
1695990569035,847,IAMOPS,200,OK,Thread Group 1-2,text,true,,1486527,228,2,2,https://iamops.io/,69,0,3
1695990569035,69,IAMOPS-0,301,Moved Permanently,Thread Group 1-2,text,true,,891,114,2,2,http://iamops.io/,69,0,3
1695990569105,777,IAMOPS-1,200,OK,Thread Group 1-2,text,true,,1485636,114,2,2,https://iamops.io/,664,0,72
1695990569675,290,Story,200,OK,Thread Group 1-1,text,true,,2093121,248,2,2,https://iamops.io/our-story/,59,0,0
1695990569675,59,Story-0,301,Moved Permanently,Thread Group 1-1,text,true,,911,124,2,2,http://iamops.io/our-story/#team-member/,59,0,0
1695990569735,230,Story-1,200,OK,Thread Group 1-1,text,true,,2092210,124,2,2,https://iamops.io/our-story/,111,0,0
1695990569886,348,devops,200,OK,Thread Group 1-2,text,true,,1420503,262,3,3,https://iamops.io/lean-mean-devops/,96,0,0
1695990569886,96,devops-0,301,Moved Permanently,Thread Group 1-2,text,true,,910,131,3,3,http://iamops.io/lean-mean-devops/,96,0,0
1695990569982,252,devops-1,200,OK,Thread Group 1-2,text,true,,1419593,131,3,3,https://iamops.io/lean-mean-devops/,100,0,0
1695990569967,299,careers,200,OK,Thread Group 1-1,text,true,,1439970,244,3,3,https://iamops.io/careers/,43,0,0
1695990569967,43,careers-0,301,Moved Permanently,Thread Group 1-1,text,true,,899,122,3,3,http://iamops.io/careers/,43,0,0
1695990570020,246,careers-1,200,OK,Thread Group 1-1,text,true,,1439071,122,3,3,https://iamops.io/careers/,109,0,0
1695990570025,277,IAMOPS,200,OK,Thread Group 1-3,text,true,,1486467,228,2,2,https://iamops.io/,68,0,2
1695990570025,68,IAMOPS-0,301,Moved Permanently,Thread Group 1-3,text,true,,901,114,2,2,http://iamops.io/,68,0,2
1695990570095,207,IAMOPS-1,200,OK,Thread Group 1-3,text,true,,1485566,114,2,2,https://iamops.io/,119,0,68
1695990570307,171,devops,200,OK,Thread Group 1-3,text,true,,1420551,262,2,2,https://iamops.io/lean-mean-devops/,52,0,0
1695990570307,52,devops-0,301,Moved Permanently,Thread Group 1-3,text,true,,908,131,2,2,http://iamops.io/lean-mean-devops/,52,0,0
1695990570359,119,devops-1,200,OK,Thread Group 1-3,text,true,,1419643,131,2,2,https://iamops.io/lean-mean-devops/,60,0,0
1695990570249,238,Story,200,OK,Thread Group 1-2,text,true,,2093210,248,2,2,https://iamops.io/our-story/,60,0,0
1695990570249,60,Story-0,301,Moved Permanently,Thread Group 1-2,text,true,,901,124,2,2,http://iamops.io/our-story/#team-member/,60,0,0
1695990570309,178,Story-1,200,OK,Thread Group 1-2,text,true,,2092309,124,2,2,https://iamops.io/our-story/,88,0,0
1695990570485,143,Story,200,OK,Thread Group 1-3,text,true,,2093296,248,2,2,https://iamops.io/our-story/,38,0,0
1695990570485,38,Story-0,301,Moved Permanently,Thread Group 1-3,text,true,,913,124,2,2,http://iamops.io/our-story/#team-member/,38,0,0
1695990570523,105,Story-1,200,OK,Thread Group 1-3,text,true,,2092383,124,2,2,https://iamops.io/our-story/,45,0,0
1695990570488,166,careers,200,OK,Thread Group 1-2,text,true,,1440083,244,2,2,https://iamops.io/careers/,53,0,0
1695990570488,53,careers-0,301,Moved Permanently,Thread Group 1-2,text,true,,905,122,2,2,http://iamops.io/careers/,53,0,0
1695990570542,112,careers-1,200,OK,Thread Group 1-2,text,true,,1439178,122,2,2,https://iamops.io/careers/,59,0,0
1695990570645,115,careers,200,OK,Thread Group 1-3,text,true,,1440099,244,1,1,https://iamops.io/careers/,43,0,0
1695990570645,43,careers-0,301,Moved Permanently,Thread Group 1-3,text,true,,905,122,1,1,http://iamops.io/careers/,43,0,0
1695990570688,72,careers-1,200,OK,Thread Group 1-3,text,true,,1439194,122,1,1,https://iamops.io/careers/,48,0,0
1695990571021,236,IAMOPS,200,OK,Thread Group 1-4,text,true,,1486562,228,1,1,https://iamops.io/,59,0,4
1695990571021,59,IAMOPS-0,301,Moved Permanently,Thread Group 1-4,text,true,,899,114,1,1,http://iamops.io/,59,0,4
1695990571081,176,IAMOPS-1,200,OK,Thread Group 1-4,text,true,,1485663,114,1,1,https://iamops.io/,132,0,51
1695990571266,167,devops,200,OK,Thread Group 1-4,text,true,,1420550,262,1,1,https://iamops.io/lean-mean-devops/,57,0,0
1695990571266,57,devops-0,301,Moved Permanently,Thread Group 1-4,text,true,,910,131,1,1,http://iamops.io/lean-mean-devops/,57,0,0
1695990571324,109,devops-1,200,OK,Thread Group 1-4,text,true,,1419640,131,1,1,https://iamops.io/lean-mean-devops/,73,0,0
1695990571435,169,Story,200,OK,Thread Group 1-4,text,true,,2093204,248,1,1,https://iamops.io/our-story/,63,0,0
1695990571435,63,Story-0,301,Moved Permanently,Thread Group 1-4,text,true,,903,124,1,1,http://iamops.io/our-story/#team-member/,63,0,0
1695990571498,106,Story-1,200,OK,Thread Group 1-4,text,true,,2092301,124,1,1,https://iamops.io/our-story/,68,0,0
1695990571607,158,careers,200,OK,Thread Group 1-4,text,true,,1440051,244,1,1,https://iamops.io/careers/,49,0,0
1695990571607,49,careers-0,301,Moved Permanently,Thread Group 1-4,text,true,,907,122,1,1,http://iamops.io/careers/,49,0,0
1695990571656,109,careers-1,200,OK,Thread Group 1-4,text,true,,1439144,122,1,1,https://iamops.io/careers/,74,0,0
1695990572024,253,IAMOPS,200,OK,Thread Group 1-5,text,true,,1486471,228,1,1,https://iamops.io/,61,0,2
1695990572024,61,IAMOPS-0,301,Moved Permanently,Thread Group 1-5,text,true,,895,114,1,1,http://iamops.io/,61,0,2
1695990572086,191,IAMOPS-1,200,OK,Thread Group 1-5,text,true,,1485576,114,1,1,https://iamops.io/,135,0,64
1695990572278,149,devops,200,OK,Thread Group 1-5,text,true,,1420500,262,1,1,https://iamops.io/lean-mean-devops/,51,0,0
1695990572278,51,devops-0,301,Moved Permanently,Thread Group 1-5,text,true,,918,131,1,1,http://iamops.io/lean-mean-devops/,51,0,0
1695990572330,97,devops-1,200,OK,Thread Group 1-5,text,true,,1419582,131,1,1,https://iamops.io/lean-mean-devops/,68,0,0
1695990572427,194,Story,200,OK,Thread Group 1-5,text,true,,2093170,248,1,1,https://iamops.io/our-story/,57,0,0
1695990572427,57,Story-0,301,Moved Permanently,Thread Group 1-5,text,true,,903,124,1,1,http://iamops.io/our-story/#team-member/,57,0,0
1695990572484,137,Story-1,200,OK,Thread Group 1-5,text,true,,2092267,124,1,1,https://iamops.io/our-story/,94,0,0
1695990572624,161,careers,200,OK,Thread Group 1-5,text,true,,1440016,244,1,1,https://iamops.io/careers/,39,0,0
1695990572624,39,careers-0,301,Moved Permanently,Thread Group 1-5,text,true,,901,122,1,1,http://iamops.io/careers/,39,0,0
1695990572664,121,careers-1,200,OK,Thread Group 1-5,text,true,,1439115,122,1,1,https://iamops.io/careers/,77,0,0
